Job_Number,Job_Folder_Link,Contract_Link,Work_Order_Link,Plans_Link,Material_Resources_Link
25-177,https://drive.google.com/drive/folders/19soAIuFv7rUY7x_sxKhUWA0qBehKKuZ3/25-177,,,, 
25-221,https://drive.google.com/drive/folders/19soAIuFv7rUY7x_sxKhUWA0qBehKKuZ3/25-221,,,,
24-130,https://drive.google.com/drive/folders/19soAIuFv7rUY7x_sxKhUWA0qBehKKuZ3/24-130,,,,
25-254,https://drive.google.com/drive/folders/19soAIuFv7rUY7x_sxKhUWA0qBehKKuZ3/25-254,,,,
25-201,https://drive.google.com/drive/folders/19soAIuFv7rUY7x_sxKhUWA0qBehKKuZ3/25-201,,,,
25-283,https://drive.google.com/drive/folders/19soAIuFv7rUY7x_sxKhUWA0qBehKKuZ3/25-283,,,,
25-262,https://drive.google.com/drive/folders/19soAIuFv7rUY7x_sxKhUWA0qBehKKuZ3/25-262,,,,
25-141,https://drive.google.com/drive/folders/19soAIuFv7rUY7x_sxKhUWA0qBehKKuZ3/25-141,,,,
25-301,https://drive.google.com/drive/folders/19soAIuFv7rUY7x_sxKhUWA0qBehKKuZ3/25-301,,,,
25-267,https://drive.google.com/drive/folders/19soAIuFv7rUY7x_sxKhUWA0qBehKKuZ3/25-267,,,,
25-185,https://drive.google.com/drive/folders/19soAIuFv7rUY7x_sxKhUWA0qBehKKuZ3/25-185,,,,
24-156,https://drive.google.com/drive/folders/19soAIuFv7rUY7x_sxKhUWA0qBehKKuZ3/24-156,,,,
25-303,https://drive.google.com/drive/folders/19soAIuFv7rUY7x_sxKhUWA0qBehKKuZ3/25-303,,,,
25-142,https://drive.google.com/drive/folders/19soAIuFv7rUY7x_sxKhUWA0qBehKKuZ3/25-142,,,,
25-123,https://drive.google.com/drive/folders/19soAIuFv7rUY7x_sxKhUWA0qBehKKuZ3/25-123,,,,
25-225,https://drive.google.com/drive/folders/19soAIuFv7rUY7x_sxKhUWA0qBehKKuZ3/25-225,,,,
