Job_Number,Job_Name,Status,Start_Date,Location,Project_Manager,Target_Tonnage
25-177,Brewer High School,Active,2025-06-15,"Brewer, AL",Jeff,6200
25-141,Camden County High School,Active,2026-03-30,"Camden, NC",David,8500
25-221,G W Carver High School,Active,2025-01-01,"Montgomery, AL",Jeff,4500
24-130,Evans High School Tennis,Active,2026-01-01,"Evans, GA",David,1200
25-254,Lakewood High School,Active,2026-01-01,"Sumter, SC",David,5000
25-201,Lake Wylie High School,Active,2025-09-01,"Lake Wylie, SC",Jeff,7200
25-145,Wilson Mill High School,Active,2025-09-01,"Smithfield, NC",David,6100
24-228,Woodruff HS Tennis,Active,2025-10-01,"Woodruff, SC",David,2000
25-300,Mossy Creek Middle School,Active,2026-02-01,"Warner Robins, GA",Jeff,3500
25-093,Rome Middle School,Active,2025-06-01,"Rome, GA",Jeff,4200
